Workbook

Sheet Task Tracker
A1: 🏭 PET FACTORY MAROC — Scope of Work Project Tracker
A2: # | B2: System | C2: Spec | D2: Phase / Task | E2: Sub-Task | F2: Owner | G2: Status | H2: Start | I2: End | J2: Weeks | K2: Notes
A3: SYSTEM 1 · Boiler System (6000 Kg/H)
A4: 1 | B4: Boiler System | C4: 6000 Kg/H | D4: Design & Engineering | E4: Technical Specs Review | F4: Engineering | G4: Complete | H4: 46133 | I4: 46146 | J4: =IF(AND(H4<>"",I4<>""),IF(I4>=H4,ROUNDUP((I4-H4+1)/7,0),""),"") -> 2 | K4: Verify steam output vs production demand
A5: 1 | B5: Boiler System | C5: 6000 Kg/H | D5: Design & Engineering | E5: P&ID Drawing Approval | F5: Engineering | G5: Complete | H5: 46140 | I5: 46153 | J5: =IF(AND(H5<>"",I5<>""),IF(I5>=H5,ROUNDUP((I5-H5+1)/7,0),""),"") -> 2 | K5: FAMSUN to submit by May 31
A6: 1 | B6: Boiler System | C6: 6000 Kg/H | D6: Procurement | E6: Vendor Finalization | F6: Procurement | G6: In Progress | H6: 46153 | I6: 46214 | J6: =IF(AND(H6<>"",I6<>""),IF(I6>=H6,ROUNDUP((I6-H6+1)/7,0),""),"") -> 9
A7: 1 | B7: Boiler System | C7: 6000 Kg/H | D7: Procurement | E7: Purchase Order Issued | F7: Procurement | G7: Not Started | H7: 46214 | I7: 46221 | J7: =IF(AND(H7<>"",I7<>""),IF(I7>=H7,ROUNDUP((I7-H7+1)/7,0),""),"") -> 2
A8: 1 | B8: Boiler System | C8: 6000 Kg/H | D8: Procurement | E8: Manufacturing & QC | F8: Supplier | G8: Not Started | H8: 46221 | I8: 46252 | J8: =IF(AND(H8<>"",I8<>""),IF(I8>=H8,ROUNDUP((I8-H8+1)/7,0),""),"") -> 5 | K8: Factory inspection at week 7
A9: 1 | B9: Boiler System | C9: 6000 Kg/H | D9: Delivery & Logistics | E9: Shipping / Sea Freight | F9: Logistics | G9: Not Started | H9: 46252 | I9: 46283 | J9: =IF(AND(H9<>"",I9<>""),IF(I9>=H9,ROUNDUP((I9-H9+1)/7,0),""),"") -> 5
A10: 1 | B10: Boiler System | C10: 6000 Kg/H | D10: Delivery & Logistics | E10: Customs Clearance | F10: Logistics | G10: Not Started | H10: 46283 | I10: 46313 | J10: =IF(AND(H10<>"",I10<>""),IF(I10>=H10,ROUNDUP((I10-H10+1)/7,0),""),"") -> 5
A11: 1 | B11: Boiler System | C11: 6000 Kg/H | D11: Delivery & Logistics | E11: Site Delivery | F11: Logistics | G11: Not Started | H11: 46313 | I11: 46323 | J11: =IF(AND(H11<>"",I11<>""),IF(I11>=H11,ROUNDUP((I11-H11+1)/7,0),""),"") -> 2
A12: 1 | B12: Boiler System | C12: 6000 Kg/H | D12: Installation | E12: Civil & Foundation Prep | F12: Civil Contractor | G12: Not Started | H12: 46191 | I12: 46236 | J12: =IF(AND(H12<>"",I12<>""),IF(I12>=H12,ROUNDUP((I12-H12+1)/7,0),""),"") -> 7
A13: 1 | B13: Boiler System | C13: 6000 Kg/H | D13: Installation | E13: Equipment Installation | F13: Install Team | G13: Not Started | H13: 46323 | I13: 46334 | J13: =IF(AND(H13<>"",I13<>""),IF(I13>=H13,ROUNDUP((I13-H13+1)/7,0),""),"") -> 2
A14: 1 | B14: Boiler System | C14: 6000 Kg/H | D14: Installation | E14: Piping & Connections | F14: Install Team | G14: Not Started | H14: 46217 | I14: 46248 | J14: =IF(AND(H14<>"",I14<>""),IF(I14>=H14,ROUNDUP((I14-H14+1)/7,0),""),"") -> 5
A15: 1 | B15: Boiler System | C15: 6000 Kg/H | D15: Testing & Commissioning | E15: Factory Acceptance Test | F15: Engineering | G15: Not Started | H15: 46334 | I15: 46344 | J15: =IF(AND(H15<>"",I15<>""),IF(I15>=H15,ROUNDUP((I15-H15+1)/7,0),""),"") -> 2 | K15: At supplier factory
A16: 1 | B16: Boiler System | C16: 6000 Kg/H | D16: Testing & Commissioning | E16: Site Acceptance Test | F16: Engineering | G16: Not Started | H16: 46344 | I16: 46350 | J16: =IF(AND(H16<>"",I16<>""),IF(I16>=H16,ROUNDUP((I16-H16+1)/7,0),""),"") -> 1
A17: 1 | B17: Boiler System | C17: 6000 Kg/H | D17: Testing & Commissioning | E17: Performance Verification | F17: Engineering | G17: Not Started | H17: 46344 | I17: 46350 | J17: =IF(AND(H17<>"",I17<>""),IF(I17>=H17,ROUNDUP((I17-H17+1)/7,0),""),"") -> 1 | K17: Confirm 6000 Kg/H output
A18: SYSTEM 2 · Air Compressor System (37 kW ×2)
A19: 2 | B19: Air Compressor System | C19: 37 kW ×2 | D19: Design & Engineering | E19: Compressed Air Demand Audit | F19: Engineering | G19: Complete | H19: 46133 | I19: 46146 | J19: =IF(AND(H19<>"",I19<>""),IF(I19>=H19,ROUNDUP((I19-H19+1)/7,0),""),"") -> 2
A20: 2 | B20: Air Compressor System | C20: 37 kW ×2 | D20: Design & Engineering | E20: Piping Layout Approval | F20: Engineering | G20: Complete | H20: 46140 | I20: 46153 | J20: =IF(AND(H20<>"",I20<>""),IF(I20>=H20,ROUNDUP((I20-H20+1)/7,0),""),"") -> 2
A21: 2 | B21: Air Compressor System | C21: 37 kW ×2 | D21: Procurement | E21: Vendor Finalization | F21: Procurement | G21: In Progress | H21: 46153 | I21: 46214 | J21: =IF(AND(H21<>"",I21<>""),IF(I21>=H21,ROUNDUP((I21-H21+1)/7,0),""),"") -> 9
A22: 2 | B22: Air Compressor System | C22: 37 kW ×2 | D22: Procurement | E22: Purchase Order Issued | F22: Procurement | G22: Not Started | H22: 46214 | I22: 46221 | J22: =IF(AND(H22<>"",I22<>""),IF(I22>=H22,ROUNDUP((I22-H22+1)/7,0),""),"") -> 2
A23: 2 | B23: Air Compressor System | C23: 37 kW ×2 | D23: Procurement | E23: Manufacturing & QC | F23: Supplier | G23: Not Started | H23: 46221 | I23: 46252 | J23: =IF(AND(H23<>"",I23<>""),IF(I23>=H23,ROUNDUP((I23-H23+1)/7,0),""),"") -> 5
A24: 2 | B24: Air Compressor System | C24: 37 kW ×2 | D24: Delivery & Logistics | E24: Shipping | F24: Logistics | G24: Not Started | H24: 46252 | I24: 46283 | J24: =IF(AND(H24<>"",I24<>""),IF(I24>=H24,ROUNDUP((I24-H24+1)/7,0),""),"") -> 5
A25: 2 | B25: Air Compressor System | C25: 37 kW ×2 | D25: Delivery & Logistics | E25: Customs Clearance | F25: Logistics | G25: Not Started | H25: 46283 | I25: 46313 | J25: =IF(AND(H25<>"",I25<>""),IF(I25>=H25,ROUNDUP((I25-H25+1)/7,0),""),"") -> 5
A26: 2 | B26: Air Compressor System | C26: 37 kW ×2 | D26: Delivery & Logistics | E26: Site Delivery | F26: Logistics | G26: Not Started | H26: 46313 | I26: 46323 | J26: =IF(AND(H26<>"",I26<>""),IF(I26>=H26,ROUNDUP((I26-H26+1)/7,0),""),"") -> 2
A27: 2 | B27: Air Compressor System | C27: 37 kW ×2 | D27: Installation | E27: Compressor Room Preparation | F27: Civil Contractor | G27: Not Started | H27: 46191 | I27: 46236 | J27: =IF(AND(H27<>"",I27<>""),IF(I27>=H27,ROUNDUP((I27-H27+1)/7,0),""),"") -> 7 | K27: Ventilation & cooling req.
A28: 2 | B28: Air Compressor System | C28: 37 kW ×2 | D28: Installation | E28: Equipment Installation | F28: Install Team | G28: Not Started | H28: 46323 | I28: 46334 | J28: =IF(AND(H28<>"",I28<>""),IF(I28>=H28,ROUNDUP((I28-H28+1)/7,0),""),"") -> 2
A29: 2 | B29: Air Compressor System | C29: 37 kW ×2 | D29: Installation | E29: Pipe Network Connection | F29: Install Team | G29: Not Started | H29: 46217 | I29: 46248 | J29: =IF(AND(H29<>"",I29<>""),IF(I29>=H29,ROUNDUP((I29-H29+1)/7,0),""),"") -> 5
A30: 2 | B30: Air Compressor System | C30: 37 kW ×2 | D30: Testing & Commissioning | E30: Pressure & Leak Test | F30: Engineering | G30: Not Started | H30: 46334 | I30: 46344 | J30: =IF(AND(H30<>"",I30<>""),IF(I30>=H30,ROUNDUP((I30-H30+1)/7,0),""),"") -> 2
A31: 2 | B31: Air Compressor System | C31: 37 kW ×2 | D31: Testing & Commissioning | E31: Performance Verification | F31: Engineering | G31: Not Started | H31: 46344 | I31: 46350 | J31: =IF(AND(H31<>"",I31<>""),IF(I31>=H31,ROUNDUP((I31-H31+1)/7,0),""),"") -> 1 | K31: Confirm 4.3 m³/H
A32: SYSTEM 3 · Water System (10000 Kg/H)
A33: 3 | B33: Water System | C33: 10000 Kg/H | D33: Design & Engineering | E33: Water Balance Study | F33: Engineering | G33: Complete | H33: 46140 | I33: 46153 | J33: =IF(AND(H33<>"",I33<>""),IF(I33>=H33,ROUNDUP((I33-H33+1)/7,0),""),"") -> 2
A34: 3 | B34: Water System | C34: 10000 Kg/H | D34: Design & Engineering | E34: Plumbing Drawing Approval | F34: Engineering | G34: Complete | H34: 46153 | I34: 46214 | J34: =IF(AND(H34<>"",I34<>""),IF(I34>=H34,ROUNDUP((I34-H34+1)/7,0),""),"") -> 9
A35: 3 | B35: Water System | C35: 10000 Kg/H | D35: Procurement | E35: Pump & Tank Selection | F35: Procurement | G35: In Progress | H35: 46214 | I35: 46221 | J35: =IF(AND(H35<>"",I35<>""),IF(I35>=H35,ROUNDUP((I35-H35+1)/7,0),""),"") -> 2
A36: 3 | B36: Water System | C36: 10000 Kg/H | D36: Procurement | E36: Purchase Order Issued | F36: Procurement | G36: Not Started | H36: 46221 | I36: 46252 | J36: =IF(AND(H36<>"",I36<>""),IF(I36>=H36,ROUNDUP((I36-H36+1)/7,0),""),"") -> 5
A37: 3 | B37: Water System | C37: 10000 Kg/H | D37: Procurement | E37: Manufacturing / Supply | F37: Supplier | G37: Not Started | H37: 46252 | I37: 46283 | J37: =IF(AND(H37<>"",I37<>""),IF(I37>=H37,ROUNDUP((I37-H37+1)/7,0),""),"") -> 5
A38: 3 | B38: Water System | C38: 10000 Kg/H | D38: Delivery & Logistics | E38: Shipping | F38: Logistics | G38: Not Started | H38: 46283 | I38: 46313 | J38: =IF(AND(H38<>"",I38<>""),IF(I38>=H38,ROUNDUP((I38-H38+1)/7,0),""),"") -> 5
A39: 3 | B39: Water System | C39: 10000 Kg/H | D39: Delivery & Logistics | E39: Site Delivery | F39: Logistics | G39: Not Started | H39: 46313 | I39: 46323 | J39: =IF(AND(H39<>"",I39<>""),IF(I39>=H39,ROUNDUP((I39-H39+1)/7,0),""),"") -> 2
A40: 3 | B40: Water System | C40: 10000 Kg/H | D40: Installation | E40: Trenching & Civil Works | F40: Civil Contractor | G40: Not Started | H40: 46191 | I40: 46236 | J40: =IF(AND(H40<>"",I40<>""),IF(I40>=H40,ROUNDUP((I40-H40+1)/7,0),""),"") -> 7
A41: 3 | B41: Water System | C41: 10000 Kg/H | D41: Installation | E41: Pump & Tank Installation | F41: Install Team | G41: Not Started | H41: 46323 | I41: 46334 | J41: =IF(AND(H41<>"",I41<>""),IF(I41>=H41,ROUNDUP((I41-H41+1)/7,0),""),"") -> 2
A42: 3 | B42: Water System | C42: 10000 Kg/H | D42: Installation | E42: Pipe Network Installation | F42: Install Team | G42: Not Started | H42: 46217 | I42: 46248 | J42: =IF(AND(H42<>"",I42<>""),IF(I42>=H42,ROUNDUP((I42-H42+1)/7,0),""),"") -> 5
A43: 3 | B43: Water System | C43: 10000 Kg/H | D43: Testing & Commissioning | E43: Hydraulic Pressure Test | F43: Engineering | G43: Not Started | H43: 46334 | I43: 46344 | J43: =IF(AND(H43<>"",I43<>""),IF(I43>=H43,ROUNDUP((I43-H43+1)/7,0),""),"") -> 2
A44: 3 | B44: Water System | C44: 10000 Kg/H | D44: Testing & Commissioning | E44: Flow Rate Verification | F44: Engineering | G44: Not Started | H44: 46344 | I44: 46350 | J44: =IF(AND(H44<>"",I44<>""),IF(I44>=H44,ROUNDUP((I44-H44+1)/7,0),""),"") -> 1 | K44: Confirm 2760 Kg/H
A45: SYSTEM 4 · Weighbridge (60T)
A46: 4 | B46: Weighbridge | C46: 60T | D46: Design & Engineering | E46: Foundation Design | F46: Engineering | G46: Complete | H46: 46214 | I46: 46221 | J46: =IF(AND(H46<>"",I46<>""),IF(I46>=H46,ROUNDUP((I46-H46+1)/7,0),""),"") -> 2 | K46: 60T load capacity
A47: 4 | B47: Weighbridge | C47: 60T | D47: Procurement | E47: Supplier Selection | F47: Procurement | G47: Complete | H47: 46221 | I47: 46252 | J47: =IF(AND(H47<>"",I47<>""),IF(I47>=H47,ROUNDUP((I47-H47+1)/7,0),""),"") -> 5
A48: 4 | B48: Weighbridge | C48: 60T | D48: Procurement | E48: Purchase Order Issued | F48: Procurement | G48: In Progress | H48: 46252 | I48: 46283 | J48: =IF(AND(H48<>"",I48<>""),IF(I48>=H48,ROUNDUP((I48-H48+1)/7,0),""),"") -> 5
A49: 4 | B49: Weighbridge | C49: 60T | D49: Procurement | E49: Manufacturing | F49: Supplier | G49: Not Started | H49: 46283 | I49: 46313 | J49: =IF(AND(H49<>"",I49<>""),IF(I49>=H49,ROUNDUP((I49-H49+1)/7,0),""),"") -> 5
A50: 4 | B50: Weighbridge | C50: 60T | D50: Delivery & Logistics | E50: Transport to Site | F50: Logistics | G50: Not Started | H50: 46313 | I50: 46323 | J50: =IF(AND(H50<>"",I50<>""),IF(I50>=H50,ROUNDUP((I50-H50+1)/7,0),""),"") -> 2 | K50: Heavy lift required
A51: 4 | B51: Weighbridge | C51: 60T | D51: Installation | E51: Foundation Construction | F51: Civil Contractor | G51: Not Started | H51: 46191 | I51: 46236 | J51: =IF(AND(H51<>"",I51<>""),IF(I51>=H51,ROUNDUP((I51-H51+1)/7,0),""),"") -> 7
A52: 4 | B52: Weighbridge | C52: 60T | D52: Installation | E52: Weighbridge Installation | F52: Install Team | G52: Not Started | H52: 46323 | I52: 46334 | J52: =IF(AND(H52<>"",I52<>""),IF(I52>=H52,ROUNDUP((I52-H52+1)/7,0),""),"") -> 2
A53: 4 | B53: Weighbridge | C53: 60T | D53: Installation | E53: Electrical & Data Wiring | F53: Electrician | G53: Not Started | H53: 46217 | I53: 46248 | J53: =IF(AND(H53<>"",I53<>""),IF(I53>=H53,ROUNDUP((I53-H53+1)/7,0),""),"") -> 5
A54: 4 | B54: Weighbridge | C54: 60T | D54: Testing & Commissioning | E54: Calibration & Certification | F54: Third Party | G54: Not Started | H54: 46334 | I54: 46344 | J54: =IF(AND(H54<>"",I54<>""),IF(I54>=H54,ROUNDUP((I54-H54+1)/7,0),""),"") -> 2 | K54: Legal metrology certification
A55: 4 | B55: Weighbridge | C55: 60T | D55: Testing & Commissioning | E55: Operational Test | F55: Engineering | G55: Not Started | H55: 46344 | I55: 46350 | J55: =IF(AND(H55<>"",I55<>""),IF(I55>=H55,ROUNDUP((I55-H55+1)/7,0),""),"") -> 1
A56: SYSTEM 5 · Big Storage Oil Tank (2 × 20,000 L)
A57: 5 | B57: Big Storage Oil Tank | C57: 2 × 20,000 L | D57: Design & Engineering | E57: Tank Specs Review (Annex D) | F57: Engineering | G57: In Progress | H57: 46133 | I57: 46139 | J57: =IF(AND(H57<>"",I57<>""),IF(I57>=H57,ROUNDUP((I57-H57+1)/7,0),""),"") -> 1 | K57: Refer to Annex D
A58: 5 | B58: Big Storage Oil Tank | C58: 2 × 20,000 L | D58: Design & Engineering | E58: Civil Foundation Design | F58: Engineering | G58: Not Started | H58: 46140 | I58: 46153 | J58: =IF(AND(H58<>"",I58<>""),IF(I58>=H58,ROUNDUP((I58-H58+1)/7,0),""),"") -> 2
A59: 5 | B59: Big Storage Oil Tank | C59: 2 × 20,000 L | D59: Procurement | E59: Vendor Finalization | F59: Procurement | G59: Not Started | H59: 46140 | I59: 46153 | J59: =IF(AND(H59<>"",I59<>""),IF(I59>=H59,ROUNDUP((I59-H59+1)/7,0),""),"") -> 2
A60: 5 | B60: Big Storage Oil Tank | C60: 2 × 20,000 L | D60: Procurement | E60: Purchase Order Issued | F60: Procurement | G60: Not Started | H60: 46154 | I60: 46160 | J60: =IF(AND(H60<>"",I60<>""),IF(I60>=H60,ROUNDUP((I60-H60+1)/7,0),""),"") -> 1
A61: 5 | B61: Big Storage Oil Tank | C61: 2 × 20,000 L | D61: Procurement | E61: Tank Fabrication | F61: Supplier | G61: Not Started | H61: 46161 | I61: 46216 | J61: =IF(AND(H61<>"",I61<>""),IF(I61>=H61,ROUNDUP((I61-H61+1)/7,0),""),"") -> 8 | K61: 40,000L total capacity
A62: 5 | B62: Big Storage Oil Tank | C62: 2 × 20,000 L | D62: Delivery & Logistics | E62: Oversized Transport Permit | F62: Logistics | G62: Not Started | H62: 46210 | I62: 46216 | J62: =IF(AND(H62<>"",I62<>""),IF(I62>=H62,ROUNDUP((I62-H62+1)/7,0),""),"") -> 1 | K62: Oversized load permit req.
A63: 5 | B63: Big Storage Oil Tank | C63: 2 × 20,000 L | D63: Delivery & Logistics | E63: Site Delivery | F63: Logistics | G63: Not Started | H63: 46217 | I63: 46223 | J63: =IF(AND(H63<>"",I63<>""),IF(I63>=H63,ROUNDUP((I63-H63+1)/7,0),""),"") -> 1
A64: 5 | B64: Big Storage Oil Tank | C64: 2 × 20,000 L | D64: Installation | E64: Civil Bund & Foundation | F64: Civil Contractor | G64: Not Started | H64: 46175 | I64: 46209 | J64: =IF(AND(H64<>"",I64<>""),IF(I64>=H64,ROUNDUP((I64-H64+1)/7,0),""),"") -> 5 | K64: Secondary containment bund
A65: 5 | B65: Big Storage Oil Tank | C65: 2 × 20,000 L | D65: Installation | E65: Tank Erection & Anchoring | F65: Install Team | G65: Not Started | H65: 46217 | I65: 46230 | J65: =IF(AND(H65<>"",I65<>""),IF(I65>=H65,ROUNDUP((I65-H65+1)/7,0),""),"") -> 2
A66: 5 | B66: Big Storage Oil Tank | C66: 2 × 20,000 L | D66: Installation | E66: Pipework & Valves | F66: Install Team | G66: Not Started | H66: 46231 | I66: 46244 | J66: =IF(AND(H66<>"",I66<>""),IF(I66>=H66,ROUNDUP((I66-H66+1)/7,0),""),"") -> 2
A67: 5 | B67: Big Storage Oil Tank | C67: 2 × 20,000 L | D67: Testing & Commissioning | E67: Hydrostatic Test | F67: Engineering | G67: Not Started | H67: 46245 | I67: 46251 | J67: =IF(AND(H67<>"",I67<>""),IF(I67>=H67,ROUNDUP((I67-H67+1)/7,0),""),"") -> 1 | K67: Leak integrity test
A68: 5 | B68: Big Storage Oil Tank | C68: 2 × 20,000 L | D68: Testing & Commissioning | E68: Regulatory Inspection | F68: Third Party | G68: Not Started | H68: 46252 | I68: 46258 | J68: =IF(AND(H68<>"",I68<>""),IF(I68>=H68,ROUNDUP((I68-H68+1)/7,0),""),"") -> 1 | K68: Fire safety & env. compliance
A69: SYSTEM 6 · Elevator (2×2T)
A70: 6 | B70: Elevator | C70: 2×2T | D70: Design & Engineering | E70: Structural Drawing Review | F70: Engineering | G70: Complete | H70: 46133 | I70: 46146 | J70: =IF(AND(H70<>"",I70<>""),IF(I70>=H70,ROUNDUP((I70-H70+1)/7,0),""),"") -> 2 | K70: FAMSUN review by May 31
A71: 6 | B71: Elevator | C71: 2×2T | D71: Design & Engineering | E71: Drawing Mod Feedback to PFF | F71: Engineering | G71: Complete | H71: 46140 | I71: 46153 | J71: =IF(AND(H71<>"",I71<>""),IF(I71>=H71,ROUNDUP((I71-H71+1)/7,0),""),"") -> 2
A72: 6 | B72: Elevator | C72: 2×2T | D72: Procurement | E72: Vendor/Supplier Finalization | F72: Procurement | G72: In Progress | H72: 46153 | I72: 46214 | J72: =IF(AND(H72<>"",I72<>""),IF(I72>=H72,ROUNDUP((I72-H72+1)/7,0),""),"") -> 9
A73: 6 | B73: Elevator | C73: 2×2T | D73: Procurement | E73: Purchase Order Issued | F73: Procurement | G73: Not Started | H73: 46214 | I73: 46221 | J73: =IF(AND(H73<>"",I73<>""),IF(I73>=H73,ROUNDUP((I73-H73+1)/7,0),""),"") -> 2
A74: 6 | B74: Elevator | C74: 2×2T | D74: Procurement | E74: Manufacturing | F74: Supplier | G74: Not Started | H74: 46221 | I74: 46252 | J74: =IF(AND(H74<>"",I74<>""),IF(I74>=H74,ROUNDUP((I74-H74+1)/7,0),""),"") -> 5
A75: 6 | B75: Elevator | C75: 2×2T | D75: Delivery & Logistics | E75: Shipping | F75: Logistics | G75: Not Started | H75: 46252 | I75: 46283 | J75: =IF(AND(H75<>"",I75<>""),IF(I75>=H75,ROUNDUP((I75-H75+1)/7,0),""),"") -> 5
A76: 6 | B76: Elevator | C76: 2×2T | D76: Delivery & Logistics | E76: Customs Clearance | F76: Logistics | G76: Not Started | H76: 46283 | I76: 46313 | J76: =IF(AND(H76<>"",I76<>""),IF(I76>=H76,ROUNDUP((I76-H76+1)/7,0),""),"") -> 5
A77: 6 | B77: Elevator | C77: 2×2T | D77: Delivery & Logistics | E77: Site Delivery | F77: Logistics | G77: Not Started | H77: 46313 | I77: 46323 | J77: =IF(AND(H77<>"",I77<>""),IF(I77>=H77,ROUNDUP((I77-H77+1)/7,0),""),"") -> 2
A78: 6 | B78: Elevator | C78: 2×2T | D78: Installation | E78: Shaft / Structural Prep | F78: Civil Contractor | G78: Not Started | H78: 46191 | I78: 46236 | J78: =IF(AND(H78<>"",I78<>""),IF(I78>=H78,ROUNDUP((I78-H78+1)/7,0),""),"") -> 7
A79: 6 | B79: Elevator | C79: 2×2T | D79: Installation | E79: Elevator Installation | F79: Specialist | G79: Not Started | H79: 46323 | I79: 46334 | J79: =IF(AND(H79<>"",I79<>""),IF(I79>=H79,ROUNDUP((I79-H79+1)/7,0),""),"") -> 2 | K79: Certified elevator installer
A80: 6 | B80: Elevator | C80: 2×2T | D80: Installation | E80: Electrical Connections | F80: Electrician | G80: Not Started | H80: 46217 | I80: 46248 | J80: =IF(AND(H80<>"",I80<>""),IF(I80>=H80,ROUNDUP((I80-H80+1)/7,0),""),"") -> 5
A81: 6 | B81: Elevator | C81: 2×2T | D81: Testing & Commissioning | E81: Load Test (People & Goods) | F81: Engineering | G81: Not Started | H81: 46334 | I81: 46344 | J81: =IF(AND(H81<>"",I81<>""),IF(I81>=H81,ROUNDUP((I81-H81+1)/7,0),""),"") -> 2 | K81: Both use cases to be tested
A82: 6 | B82: Elevator | C82: 2×2T | D82: Testing & Commissioning | E82: Safety Inspection & Cert. | F82: Third Party | G82: Not Started | H82: 46344 | I82: 46350 | J82: =IF(AND(H82<>"",I82<>""),IF(I82>=H82,ROUNDUP((I82-H82+1)/7,0),""),"") -> 1 | K82: Regulatory certification req.
A83: 6 | B83: Elevator | C83: 2×2T | D83: Testing & Commissioning | E83: Handover & Training | F83: Engineering | G83: Not Started | H83: 46344 | I83: 46350 | J83: =IF(AND(H83<>"",I83<>""),IF(I83>=H83,ROUNDUP((I83-H83+1)/7,0),""),"") -> 1
A84: SYSTEM 7 · Electrical Installation & Transformer (1600 KVA)
A85: 7 | B85: Electrical Installation & Transformer | C85: 1600 KVA | D85: Design & Engineering | E85: Technical Specs Review | F85: Engineering | G85: Complete | H85: 46133 | I85: 46146 | J85: =IF(AND(H85<>"",I85<>""),IF(I85>=H85,ROUNDUP((I85-H85+1)/7,0),""),"") -> 2
A86: 7 | B86: Electrical Installation & Transformer | C86: 1600 KVA | D86: Design & Engineering | E86: P&ID Drawing Approval | F86: Engineering | G86: Complete | H86: 46140 | I86: 46153 | J86: =IF(AND(H86<>"",I86<>""),IF(I86>=H86,ROUNDUP((I86-H86+1)/7,0),""),"") -> 2 | K86: FAMSUN to submit by May 31
A87: 7 | B87: Electrical Installation & Transformer | C87: 1600 KVA | D87: Procurement | E87: Vendor Finalization | F87: Procurement | G87: Complete | H87: 46153 | I87: 46154 | J87: =IF(AND(H87<>"",I87<>""),IF(I87>=H87,ROUNDUP((I87-H87+1)/7,0),""),"") -> 1
A88: 7 | B88: Electrical Installation & Transformer | C88: 1600 KVA | D88: Procurement | E88: Purchase Order Issued | F88: Procurement | G88: Complete | H88: 46184 | I88: 46187 | J88: =IF(AND(H88<>"",I88<>""),IF(I88>=H88,ROUNDUP((I88-H88+1)/7,0),""),"") -> 1
A89: 7 | B89: Electrical Installation & Transformer | C89: 1600 KVA | D89: Procurement | E89: Manufacturing & QC | F89: Supplier | G89: Not Started | H89: 46204 | I89: 46283 | J89: =IF(AND(H89<>"",I89<>""),IF(I89>=H89,ROUNDUP((I89-H89+1)/7,0),""),"") -> 12 | K89: Factory inspection at week 7
A90: 7 | B90: Electrical Installation & Transformer | C90: 1600 KVA | D90: Delivery & Logistics | E90: Site Delivery | F90: Logistics | G90: Not Started | H90: 46283 | I90: 46285 | J90: =IF(AND(H90<>"",I90<>""),IF(I90>=H90,ROUNDUP((I90-H90+1)/7,0),""),"") -> 1
A91: 7 | B91: Electrical Installation & Transformer | C91: 1600 KVA | D91: Installation | E91: Civil & Foundation Prep | F91: Civil Contractor | G91: Not Started | H91: 46191 | I91: 46236 | J91: =IF(AND(H91<>"",I91<>""),IF(I91>=H91,ROUNDUP((I91-H91+1)/7,0),""),"") -> 7
A92: 7 | B92: Electrical Installation & Transformer | C92: 1600 KVA | D92: Installation | E92: Equipment Installation | F92: Install Team | G92: Not Started | H92: 46195 | I92: 46287 | J92: =IF(AND(H92<>"",I92<>""),IF(I92>=H92,ROUNDUP((I92-H92+1)/7,0),""),"") -> 14
A93: 7 | B93: Electrical Installation & Transformer | C93: 1600 KVA | D93: Installation | E93: Piping & Connections | F93: Install Team | G93: Not Started | H93: 46217 | I93: 46248 | J93: =IF(AND(H93<>"",I93<>""),IF(I93>=H93,ROUNDUP((I93-H93+1)/7,0),""),"") -> 5
A94: 7 | B94: Electrical Installation & Transformer | C94: 1600 KVA | D94: Testing & Commissioning | E94: Factory Acceptance Test | F94: Engineering | G94: Not Started | H94: 46334 | I94: 46344 | J94: =IF(AND(H94<>"",I94<>""),IF(I94>=H94,ROUNDUP((I94-H94+1)/7,0),""),"") -> 2 | K94: At supplier factory
A95: 7 | B95: Electrical Installation & Transformer | C95: 1600 KVA | D95: Testing & Commissioning | E95: Site Acceptance Test | F95: Engineering | G95: Not Started | H95: 46344 | I95: 46350 | J95: =IF(AND(H95<>"",I95<>""),IF(I95>=H95,ROUNDUP((I95-H95+1)/7,0),""),"") -> 1
A96: 7 | B96: Electrical Installation & Transformer | C96: 1600 KVA | D96: Testing & Commissioning | E96: Performance Verification | F96: Engineering | G96: Not Started | H96: 46344 | I96: 46350 | J96: =IF(AND(H96<>"",I96<>""),IF(I96>=H96,ROUNDUP((I96-H96+1)/7,0),""),"") -> 1 | K96: Confirm 6000 Kg/H output
A97: SYSTEM 8 · Aménagement Extérieur (Béton)
A98: 8 | B98: Aménagement Extérieur | C98: Béton | D98: Design & Engineering | E98: Technical Specs Review | F98: Engineering | G98: Complete | H98: 46133 | I98: 46146 | J98: =IF(AND(H98<>"",I98<>""),IF(I98>=H98,ROUNDUP((I98-H98+1)/7,0),""),"") -> 2
A99: 8 | B99: Aménagement Extérieur | C99: Béton | D99: Design & Engineering | E99: P&ID Drawing Approval | F99: Engineering | G99: Complete | H99: 46201 | I99: 46214 | J99: =IF(AND(H99<>"",I99<>""),IF(I99>=H99,ROUNDUP((I99-H99+1)/7,0),""),"") -> 2 | K99: FAMSUN to submit by May 31
A100: 8 | B100: Aménagement Extérieur | C100: Béton | D100: Procurement | E100: Vendor Finalization | F100: Procurement | G100: In Progress | H100: 46214 | I100: 46306 | J100: =IF(AND(H100<>"",I100<>""),IF(I100>=H100,ROUNDUP((I100-H100+1)/7,0),""),"") -> 14
...

Sheet Dashboard
A1: 📊 PET FACTORY MAROC — Project Dashboard
A3: Key Metrics
A4: Total Tasks | C4: Complete | E4: In Progress | G4: Not Started
A5: =COUNT('Task Tracker'!$A$4:$A$144) -> 128 | C5: =COUNTIF('Task Tracker'!$G$4:$G$144,"Complete") -> 24 | E5: =COUNTIF('Task Tracker'!$G$4:$G$144,"In Progress") -> 14 | G5: =COUNTIF('Task Tracker'!$G$4:$G$144,"Not Started") -> 90
A7: Overall Completion (weighted: Complete=100%, In Progress=50%)
A8: Project % | C8: =(COUNTIF('Task Tracker'!$G$4:$G$144,"Complete")+0.5*COUNTIF('Task Tracker'!$G$4:$G$144,"In Progress"))/COUNT('Task Tracker'!$A$4:$A$144) -> 0.2421875
A9: System Summary
A10: # | B10: System | C10: Spec | D10: Total | E10: Not Started | F10: In Progress | G10: Complete | H10: % Complete
A11: 1 | B11: Boiler System | C11: 6000 Kg/H | D11: =COUNTIF('Task Tracker'!$A$4:$A$144,1) -> 14 | E11: =COUNTIFS('Task Tracker'!$A$4:$A$144,1,'Task Tracker'!$G$4:$G$144,"Not Started") -> 11 | F11: =COUNTIFS('Task Tracker'!$A$4:$A$144,1,'Task Tracker'!$G$4:$G$144,"In Progress") -> 1 | G11: =COUNTIFS('Task Tracker'!$A$4:$A$144,1,'Task Tracker'!$G$4:$G$144,"Complete") -> 2 | H11: =IFERROR((G11+0.5*F11)/D11,0) -> 0.17857143
A12: 2 | B12: Air Compressor System | C12: 37 kW ×2 | D12: =COUNTIF('Task Tracker'!$A$4:$A$144,2) -> 13 | E12: =COUNTIFS('Task Tracker'!$A$4:$A$144,2,'Task Tracker'!$G$4:$G$144,"Not Started") -> 10 | F12: =COUNTIFS('Task Tracker'!$A$4:$A$144,2,'Task Tracker'!$G$4:$G$144,"In Progress") -> 1 | G12: =COUNTIFS('Task Tracker'!$A$4:$A$144,2,'Task Tracker'!$G$4:$G$144,"Complete") -> 2 | H12: =IFERROR((G12+0.5*F12)/D12,0) -> 0.19230769
A13: 3 | B13: Water System | C13: 10000 Kg/H | D13: =COUNTIF('Task Tracker'!$A$4:$A$144,3) -> 12 | E13: =COUNTIFS('Task Tracker'!$A$4:$A$144,3,'Task Tracker'!$G$4:$G$144,"Not Started") -> 9 | F13: =COUNTIFS('Task Tracker'!$A$4:$A$144,3,'Task Tracker'!$G$4:$G$144,"In Progress") -> 1 | G13: =COUNTIFS('Task Tracker'!$A$4:$A$144,3,'Task Tracker'!$G$4:$G$144,"Complete") -> 2 | H13: =IFERROR((G13+0.5*F13)/D13,0) -> 0.20833333
A14: 4 | B14: Weighbridge | C14: 60T | D14: =COUNTIF('Task Tracker'!$A$4:$A$144,4) -> 10 | E14: =COUNTIFS('Task Tracker'!$A$4:$A$144,4,'Task Tracker'!$G$4:$G$144,"Not Started") -> 7 | F14: =COUNTIFS('Task Tracker'!$A$4:$A$144,4,'Task Tracker'!$G$4:$G$144,"In Progress") -> 1 | G14: =COUNTIFS('Task Tracker'!$A$4:$A$144,4,'Task Tracker'!$G$4:$G$144,"Complete") -> 2 | H14: =IFERROR((G14+0.5*F14)/D14,0) -> 0.25
A15: 5 | B15: Big Storage Oil Tank | C15: 2 × 20,000 L | D15: =COUNTIF('Task Tracker'!$A$4:$A$144,5) -> 12 | E15: =COUNTIFS('Task Tracker'!$A$4:$A$144,5,'Task Tracker'!$G$4:$G$144,"Not Started") -> 11 | F15: =COUNTIFS('Task Tracker'!$A$4:$A$144,5,'Task Tracker'!$G$4:$G$144,"In Progress") -> 1 | G15: =COUNTIFS('Task Tracker'!$A$4:$A$144,5,'Task Tracker'!$G$4:$G$144,"Complete") -> 0 | H15: =IFERROR((G15+0.5*F15)/D15,0) -> 0.041666667
A16: 6 | B16: Elevator | C16: 2×2T | D16: =COUNTIF('Task Tracker'!$A$4:$A$144,6) -> 14 | E16: =COUNTIFS('Task Tracker'!$A$4:$A$144,6,'Task Tracker'!$G$4:$G$144,"Not Started") -> 11 | F16: =COUNTIFS('Task Tracker'!$A$4:$A$144,6,'Task Tracker'!$G$4:$G$144,"In Progress") -> 1 | G16: =COUNTIFS('Task Tracker'!$A$4:$A$144,6,'Task Tracker'!$G$4:$G$144,"Complete") -> 2 | H16: =IFERROR((G16+0.5*F16)/D16,0) -> 0.17857143
A17: 7 | B17: Electrical Installation & Transformer | C17: 1600 KVA | D17: =COUNTIF('Task Tracker'!$A$4:$A$144,7) -> 12 | E17: =COUNTIFS('Task Tracker'!$A$4:$A$144,7,'Task Tracker'!$G$4:$G$144,"Not Started") -> 8 | F17: =COUNTIFS('Task Tracker'!$A$4:$A$144,7,'Task Tracker'!$G$4:$G$144,"In Progress") -> 0 | G17: =COUNTIFS('Task Tracker'!$A$4:$A$144,7,'Task Tracker'!$G$4:$G$144,"Complete") -> 4 | H17: =IFERROR((G17+0.5*F17)/D17,0) -> 0.33333333
A18: 8 | B18: Aménagement Extérieur | C18: Béton | D18: =COUNTIF('Task Tracker'!$A$4:$A$144,8) -> 3 | E18: =COUNTIFS('Task Tracker'!$A$4:$A$144,8,'Task Tracker'!$G$4:$G$144,"Not Started") -> 0 | F18: =COUNTIFS('Task Tracker'!$A$4:$A$144,8,'Task Tracker'!$G$4:$G$144,"In Progress") -> 1 | G18: =COUNTIFS('Task Tracker'!$A$4:$A$144,8,'Task Tracker'!$G$4:$G$144,"Complete") -> 2 | H18: =IFERROR((G18+0.5*F18)/D18,0) -> 0.83333333
A19: 9 | B19: Solaire Électricité | C19: 30% × 1600 KVA | D19: =COUNTIF('Task Tracker'!$A$4:$A$144,9) -> 14 | E19: =COUNTIFS('Task Tracker'!$A$4:$A$144,9,'Task Tracker'!$G$4:$G$144,"Not Started") -> 14 | F19: =COUNTIFS('Task Tracker'!$A$4:$A$144,9,'Task Tracker'!$G$4:$G$144,"In Progress") -> 0 | G19: =COUNTIFS('Task Tracker'!$A$4:$A$144,9,'Task Tracker'!$G$4:$G$144,"Complete") -> 0 | H19: =IFERROR((G19+0.5*F19)/D19,0) -> 0
A20: 10 | B20: Installation GAZ | C20: 15 m³ | D20: =COUNTIF('Task Tracker'!$A$4:$A$144,10) -> 12 | E20: =COUNTIFS('Task Tracker'!$A$4:$A$144,10,'Task Tracker'!$G$4:$G$144,"Not Started") -> 9 | F20: =COUNTIFS('Task Tracker'!$A$4:$A$144,10,'Task Tracker'!$G$4:$G$144,"In Progress") -> 1 | G20: =COUNTIFS('Task Tracker'!$A$4:$A$144,10,'Task Tracker'!$G$4:$G$144,"Complete") -> 2 | H20: =IFERROR((G20+0.5*F20)/D20,0) -> 0.20833333
A21: 11 | B21: Séparation et Froid Industriel | C21: Dry | D21: =COUNTIF('Task Tracker'!$A$4:$A$144,11) -> 3 | E21: =COUNTIFS('Task Tracker'!$A$4:$A$144,11,'Task Tracker'!$G$4:$G$144,"Not Started") -> 0 | F21: =COUNTIFS('Task Tracker'!$A$4:$A$144,11,'Task Tracker'!$G$4:$G$144,"In Progress") -> 2 | G21: =COUNTIFS('Task Tracker'!$A$4:$A$144,11,'Task Tracker'!$G$4:$G$144,"Complete") -> 1 | H21: =IFERROR((G21+0.5*F21)/D21,0) -> 0.66666667
A22: 12 | B22: Séparation Salle de Commande & MCC | C22: Dry | D22: =COUNTIF('Task Tracker'!$A$4:$A$144,12) -> 3 | E22: =COUNTIFS('Task Tracker'!$A$4:$A$144,12,'Task Tracker'!$G$4:$G$144,"Not Started") -> 0 | F22: =COUNTIFS('Task Tracker'!$A$4:$A$144,12,'Task Tracker'!$G$4:$G$144,"In Progress") -> 1 | G22: =COUNTIFS('Task Tracker'!$A$4:$A$144,12,'Task Tracker'!$G$4:$G$144,"Complete") -> 2 | H22: =IFERROR((G22+0.5*F22)/D22,0) -> 0.83333333
A23: 13 | B23: Recrutement | D23: =COUNTIF('Task Tracker'!$A$4:$A$144,13) -> 3 | E23: =COUNTIFS('Task Tracker'!$A$4:$A$144,13,'Task Tracker'!$G$4:$G$144,"Not Started") -> 0 | F23: =COUNTIFS('Task Tracker'!$A$4:$A$144,13,'Task Tracker'!$G$4:$G$144,"In Progress") -> 1 | G23: =COUNTIFS('Task Tracker'!$A$4:$A$144,13,'Task Tracker'!$G$4:$G$144,"Complete") -> 2 | H23: =IFERROR((G23+0.5*F23)/D23,0) -> 0.83333333
A24: 14 | B24: Logiciel | D24: =COUNTIF('Task Tracker'!$A$4:$A$144,14) -> 3 | E24: =COUNTIFS('Task Tracker'!$A$4:$A$144,14,'Task Tracker'!$G$4:$G$144,"Not Started") -> 0 | F24: =COUNTIFS('Task Tracker'!$A$4:$A$144,14,'Task Tracker'!$G$4:$G$144,"In Progress") -> 2 | G24: =COUNTIFS('Task Tracker'!$A$4:$A$144,14,'Task Tracker'!$G$4:$G$144,"Complete") -> 1 | H24: =IFERROR((G24+0.5*F24)/D24,0) -> 0.66666667
B25: TOTAL | D25: =SUM(D11:D24) -> 128 | E25: =SUM(E11:E24) -> 90 | F25: =SUM(F11:F24) -> 14 | G25: =SUM(G11:G24) -> 24 | H25: =IFERROR((G25+0.5*F25)/D25,0) -> 0.2421875
A27: Key Project Milestones
A28: Date | C28: Milestone | H28: Status
A29: 46173 | C29: FAMSUN Drawing Review Deadline (Boiler + Elevator) | H29: Complete
A30: 46214 | C30: Boiler / Compressor / Elevator Vendor Finalization | H30: In Progress
A31: 46252 | C31: Boiler & Elevator Manufacturing Complete | H31: Not Started
A32: 46283 | C32: Major Equipment Shipping Complete | H32: Not Started
A33: 46323 | C33: Site Deliveries Complete | H33: Not Started
A34: 46334 | C34: Equipment Installation Complete | H34: Not Started
A35: 46350 | C35: All Systems Tested & Commissioned — Facility Ready | H35: Not Started
A37: As of: | C37: =TODAY() -> 46196

Sheet Gantt Chart
A1: 📅 PET FACTORY MAROC — Dynamic Project Gantt (bars update automatically from Task Tracker dates & status)
A2: # | B2: System | C2: Sub-Task | D2: Status | E2: Start | F2: End | G2: 46133 | H2: 46140 | I2: 46147 | J2: 46154 | K2: 46161 | L2: 46168 | M2: 46175 | N2: 46182 | O2: 46189 | P2: 46196 | Q2: 46203 | R2: 46210 | S2: 46217 | T2: 46224 | U2: 46231 | V2: 46238 | W2: 46245 | X2: 46252 | Y2: 46259 | Z2: 46266 | AA2: 46273 | AB2: 46280 | AC2: 46287 | AD2: 46294 | AE2: 46301 | AF2: 46308 | AG2: 46315 | AH2: 46322 | AI2: 46329 | AJ2: 46336 | AK2: 46343 | AL2: 46350
A3: ▶ SYSTEM 1 — Boiler System (6000 Kg/H)
A4: ='Task Tracker'!A4 -> 1 | B4: ='Task Tracker'!B4 -> Boiler System | C4: ='Task Tracker'!E4 -> Technical Specs Review | D4: ='Task Tracker'!G4 -> Complete | E4: ='Task Tracker'!H4 -> 46133 | F4: ='Task Tracker'!I4 -> 46146
A5: ='Task Tracker'!A5 -> 1 | B5: ='Task Tracker'!B5 -> Boiler System | C5: ='Task Tracker'!E5 -> P&ID Drawing Approval | D5: ='Task Tracker'!G5 -> Complete | E5: ='Task Tracker'!H5 -> 46140 | F5: ='Task Tracker'!I5 -> 46153
A6: ='Task Tracker'!A6 -> 1 | B6: ='Task Tracker'!B6 -> Boiler System | C6: ='Task Tracker'!E6 -> Vendor Finalization | D6: ='Task Tracker'!G6 -> In Progress | E6: ='Task Tracker'!H6 -> 46153 | F6: ='Task Tracker'!I6 -> 46214
A7: ='Task Tracker'!A7 -> 1 | B7: ='Task Tracker'!B7 -> Boiler System | C7: ='Task Tracker'!E7 -> Purchase Order Issued | D7: ='Task Tracker'!G7 -> Not Started | E7: ='Task Tracker'!H7 -> 46214 | F7: ='Task Tracker'!I7 -> 46221
A8: ='Task Tracker'!A8 -> 1 | B8: ='Task Tracker'!B8 -> Boiler System | C8: ='Task Tracker'!E8 -> Manufacturing & QC | D8: ='Task Tracker'!G8 -> Not Started | E8: ='Task Tracker'!H8 -> 46221 | F8: ='Task Tracker'!I8 -> 46252
A9: ='Task Tracker'!A9 -> 1 | B9: ='Task Tracker'!B9 -> Boiler System | C9: ='Task Tracker'!E9 -> Shipping / Sea Freight | D9: ='Task Tracker'!G9 -> Not Started | E9: ='Task Tracker'!H9 -> 46252 | F9: ='Task Tracker'!I9 -> 46283
A10: ='Task Tracker'!A10 -> 1 | B10: ='Task Tracker'!B10 -> Boiler System | C10: ='Task Tracker'!E10 -> Customs Clearance | D10: ='Task Tracker'!G10 -> Not Started | E10: ='Task Tracker'!H10 -> 46283 | F10: ='Task Tracker'!I10 -> 46313
A11: ='Task Tracker'!A11 -> 1 | B11: ='Task Tracker'!B11 -> Boiler System | C11: ='Task Tracker'!E11 -> Site Delivery | D11: ='Task Tracker'!G11 -> Not Started | E11: ='Task Tracker'!H11 -> 46313 | F11: ='Task Tracker'!I11 -> 46323
A12: ='Task Tracker'!A12 -> 1 | B12: ='Task Tracker'!B12 -> Boiler System | C12: ='Task Tracker'!E12 -> Civil & Foundation Prep | D12: ='Task Tracker'!G12 -> Not Started | E12: ='Task Tracker'!H12 -> 46191 | F12: ='Task Tracker'!I12 -> 46236
A13: ='Task Tracker'!A13 -> 1 | B13: ='Task Tracker'!B13 -> Boiler System | C13: ='Task Tracker'!E13 -> Equipment Installation | D13: ='Task Tracker'!G13 -> Not Started | E13: ='Task Tracker'!H13 -> 46323 | F13: ='Task Tracker'!I13 -> 46334
A14: ='Task Tracker'!A14 -> 1 | B14: ='Task Tracker'!B14 -> Boiler System | C14: ='Task Tracker'!E14 -> Piping & Connections | D14: ='Task Tracker'!G14 -> Not Started | E14: ='Task Tracker'!H14 -> 46217 | F14: ='Task Tracker'!I14 -> 46248
A15: ='Task Tracker'!A15 -> 1 | B15: ='Task Tracker'!B15 -> Boiler System | C15: ='Task Tracker'!E15 -> Factory Acceptance Test | D15: ='Task Tracker'!G15 -> Not Started | E15: ='Task Tracker'!H15 -> 46334 | F15: ='Task Tracker'!I15 -> 46344
... A17: ='Task Tracker'!A17 -> 1 | B17: ='Task Tracker'!B17 -> Boiler System | C17: ='Task Tracker'!E17 -> Performance Verification | D17: ='Task Tracker'!G17 -> Not Started | E17: ='Task Tracker'!H17 -> 46344 | F17: ='Task Tracker'!I17 -> 46350
A18: ▶ SYSTEM 2 — Air Compressor System (37 kW ×2)
A19: ='Task Tracker'!A19 -> 2 | B19: ='Task Tracker'!B19 -> Air Compressor System | C19: ='Task Tracker'!E19 -> Compressed Air Demand Audit | D19: ='Task Tracker'!G19 -> Complete | E19: ='Task Tracker'!H19 -> 46133 | F19: ='Task Tracker'!I19 -> 46146
A20: ='Task Tracker'!A20 -> 2 | B20: ='Task Tracker'!B20 -> Air Compressor System | C20: ='Task Tracker'!E20 -> Piping Layout Approval | D20: ='Task Tracker'!G20 -> Complete | E20: ='Task Tracker'!H20 -> 46140 | F20: ='Task Tracker'!I20 -> 46153
A21: ='Task Tracker'!A21 -> 2 | B21: ='Task Tracker'!B21 -> Air Compressor System | C21: ='Task Tracker'!E21 -> Vendor Finalization | D21: ='Task Tracker'!G21 -> In Progress | E21: ='Task Tracker'!H21 -> 46153 | F21: ='Task Tracker'!I21 -> 46214
A22: ='Task Tracker'!A22 -> 2 | B22: ='Task Tracker'!B22 -> Air Compressor System | C22: ='Task Tracker'!E22 -> Purchase Order Issued | D22: ='Task Tracker'!G22 -> Not Started | E22: ='Task Tracker'!H22 -> 46214 | F22: ='Task Tracker'!I22 -> 46221
A23: ='Task Tracker'!A23 -> 2 | B23: ='Task Tracker'!B23 -> Air Compressor System | C23: ='Task Tracker'!E23 -> Manufacturing & QC | D23: ='Task Tracker'!G23 -> Not Started | E23: ='Task Tracker'!H23 -> 46221 | F23: ='Task Tracker'!I23 -> 46252
A24: ='Task Tracker'!A24 -> 2 | B24: ='Task Tracker'!B24 -> Air Compressor System | C24: ='Task Tracker'!E24 -> Shipping | D24: ='Task Tracker'!G24 -> Not Started | E24: ='Task Tracker'!H24 -> 46252 | F24: ='Task Tracker'!I24 -> 46283
A25: ='Task Tracker'!A25 -> 2 | B25: ='Task Tracker'!B25 -> Air Compressor System | C25: ='Task Tracker'!E25 -> Customs Clearance | D25: ='Task Tracker'!G25 -> Not Started | E25: ='Task Tracker'!H25 -> 46283 | F25: ='Task Tracker'!I25 -> 46313
A26: ='Task Tracker'!A26 -> 2 | B26: ='Task Tracker'!B26 -> Air Compressor System | C26: ='Task Tracker'!E26 -> Site Delivery | D26: ='Task Tracker'!G26 -> Not Started | E26: ='Task Tracker'!H26 -> 46313 | F26: ='Task Tracker'!I26 -> 46323
A27: ='Task Tracker'!A27 -> 2 | B27: ='Task Tracker'!B27 -> Air Compressor System | C27: ='Task Tracker'!E27 -> Compressor Room Preparation | D27: ='Task Tracker'!G27 -> Not Started | E27: ='Task Tracker'!H27 -> 46191 | F27: ='Task Tracker'!I27 -> 46236
A28: ='Task Tracker'!A28 -> 2 | B28: ='Task Tracker'!B28 -> Air Compressor System | C28: ='Task Tracker'!E28 -> Equipment Installation | D28: ='Task Tracker'!G28 -> Not Started | E28: ='Task Tracker'!H28 -> 46323 | F28: ='Task Tracker'!I28 -> 46334
A29: ='Task Tracker'!A29 -> 2 | B29: ='Task Tracker'!B29 -> Air Compressor System | C29: ='Task Tracker'!E29 -> Pipe Network Connection | D29: ='Task Tracker'!G29 -> Not Started | E29: ='Task Tracker'!H29 -> 46217 | F29: ='Task Tracker'!I29 -> 46248
A30: ='Task Tracker'!A30 -> 2 | B30: ='Task Tracker'!B30 -> Air Compressor System | C30: ='Task Tracker'!E30 -> Pressure & Leak Test | D30: ='Task Tracker'!G30 -> Not Started | E30: ='Task Tracker'!H30 -> 46334 | F30: ='Task Tracker'!I30 -> 46344
A31: ='Task Tracker'!A31 -> 2 | B31: ='Task Tracker'!B31 -> Air Compressor System | C31: ='Task Tracker'!E31 -> Performance Verification | D31: ='Task Tracker'!G31 -> Not Started | E31: ='Task Tracker'!H31 -> 46344 | F31: ='Task Tracker'!I31 -> 46350
A32: ▶ SYSTEM 3 — Water System (10000 Kg/H)
A33: ='Task Tracker'!A33 -> 3 | B33: ='Task Tracker'!B33 -> Water System | C33: ='Task Tracker'!E33 -> Water Balance Study | D33: ='Task Tracker'!G33 -> Complete | E33: ='Task Tracker'!H33 -> 46140 | F33: ='Task Tracker'!I33 -> 46153
A34: ='Task Tracker'!A34 -> 3 | B34: ='Task Tracker'!B34 -> Water System | C34: ='Task Tracker'!E34 -> Plumbing Drawing Approval | D34: ='Task Tracker'!G34 -> Complete | E34: ='Task Tracker'!H34 -> 46153 | F34: ='Task Tracker'!I34 -> 46214
A35: ='Task Tracker'!A35 -> 3 | B35: ='Task Tracker'!B35 -> Water System | C35: ='Task Tracker'!E35 -> Pump & Tank Selection | D35: ='Task Tracker'!G35 -> In Progress | E35: ='Task Tracker'!H35 -> 46214 | F35: ='Task Tracker'!I35 -> 46221
A36: ='Task Tracker'!A36 -> 3 | B36: ='Task Tracker'!B36 -> Water System | C36: ='Task Tracker'!E36 -> Purchase Order Issued | D36: ='Task Tracker'!G36 -> Not Started | E36: ='Task Tracker'!H36 -> 46221 | F36: ='Task Tracker'!I36 -> 46252
A37: ='Task Tracker'!A37 -> 3 | B37: ='Task Tracker'!B37 -> Water System | C37: ='Task Tracker'!E37 -> Manufacturing / Supply | D37: ='Task Tracker'!G37 -> Not Started | E37: ='Task Tracker'!H37 -> 46252 | F37: ='Task Tracker'!I37 -> 46283
A38: ='Task Tracker'!A38 -> 3 | B38: ='Task Tracker'!B38 -> Water System | C38: ='Task Tracker'!E38 -> Shipping | D38: ='Task Tracker'!G38 -> Not Started | E38: ='Task Tracker'!H38 -> 46283 | F38: ='Task Tracker'!I38 -> 46313
A39: ='Task Tracker'!A39 -> 3 | B39: ='Task Tracker'!B39 -> Water System | C39: ='Task Tracker'!E39 -> Site Delivery | D39: ='Task Tracker'!G39 -> Not Started | E39: ='Task Tracker'!H39 -> 46313 | F39: ='Task Tracker'!I39 -> 46323
A40: ='Task Tracker'!A40 -> 3 | B40: ='Task Tracker'!B40 -> Water System | C40: ='Task Tracker'!E40 -> Trenching & Civil Works | D40: ='Task Tracker'!G40 -> Not Started | E40: ='Task Tracker'!H40 -> 46191 | F40: ='Task Tracker'!I40 -> 46236
A41: ='Task Tracker'!A41 -> 3 | B41: ='Task Tracker'!B41 -> Water System | C41: ='Task Tracker'!E41 -> Pump & Tank Installation | D41: ='Task Tracker'!G41 -> Not Started | E41: ='Task Tracker'!H41 -> 46323 | F41: ='Task Tracker'!I41 -> 46334
A42: ='Task Tracker'!A42 -> 3 | B42: ='Task Tracker'!B42 -> Water System | C42: ='Task Tracker'!E42 -> Pipe Network Installation | D42: ='Task Tracker'!G42 -> Not Started | E42: ='Task Tracker'!H42 -> 46217 | F42: ='Task Tracker'!I42 -> 46248
A43: ='Task Tracker'!A43 -> 3 | B43: ='Task Tracker'!B43 -> Water System | C43: ='Task Tracker'!E43 -> Hydraulic Pressure Test | D43: ='Task Tracker'!G43 -> Not Started | E43: ='Task Tracker'!H43 -> 46334 | F43: ='Task Tracker'!I43 -> 46344
A44: ='Task Tracker'!A44 -> 3 | B44: ='Task Tracker'!B44 -> Water System | C44: ='Task Tracker'!E44 -> Flow Rate Verification | D44: ='Task Tracker'!G44 -> Not Started | E44: ='Task Tracker'!H44 -> 46344 | F44: ='Task Tracker'!I44 -> 46350
A45: ▶ SYSTEM 4 — Weighbridge (60T)
A46: ='Task Tracker'!A46 -> 4 | B46: ='Task Tracker'!B46 -> Weighbridge | C46: ='Task Tracker'!E46 -> Foundation Design | D46: ='Task Tracker'!G46 -> Complete | E46: ='Task Tracker'!H46 -> 46214 | F46: ='Task Tracker'!I46 -> 46221
A47: ='Task Tracker'!A47 -> 4 | B47: ='Task Tracker'!B47 -> Weighbridge | C47: ='Task Tracker'!E47 -> Supplier Selection | D47: ='Task Tracker'!G47 -> Complete | E47: ='Task Tracker'!H47 -> 46221 | F47: ='Task Tracker'!I47 -> 46252
A48: ='Task Tracker'!A48 -> 4 | B48: ='Task Tracker'!B48 -> Weighbridge | C48: ='Task Tracker'!E48 -> Purchase Order Issued | D48: ='Task Tracker'!G48 -> In Progress | E48: ='Task Tracker'!H48 -> 46252 | F48: ='Task Tracker'!I48 -> 46283
A49: ='Task Tracker'!A49 -> 4 | B49: ='Task Tracker'!B49 -> Weighbridge | C49: ='Task Tracker'!E49 -> Manufacturing | D49: ='Task Tracker'!G49 -> Not Started | E49: ='Task Tracker'!H49 -> 46283 | F49: ='Task Tracker'!I49 -> 46313
A50: ='Task Tracker'!A50 -> 4 | B50: ='Task Tracker'!B50 -> Weighbridge | C50: ='Task Tracker'!E50 -> Transport to Site | D50: ='Task Tracker'!G50 -> Not Started | E50: ='Task Tracker'!H50 -> 46313 | F50: ='Task Tracker'!I50 -> 46323
A51: ='Task Tracker'!A51 -> 4 | B51: ='Task Tracker'!B51 -> Weighbridge | C51: ='Task Tracker'!E51 -> Foundation Construction | D51: ='Task Tracker'!G51 -> Not Started | E51: ='Task Tracker'!H51 -> 46191 | F51: ='Task Tracker'!I51 -> 46236
A52: ='Task Tracker'!A52 -> 4 | B52: ='Task Tracker'!B52 -> Weighbridge | C52: ='Task Tracker'!E52 -> Weighbridge Installation | D52: ='Task Tracker'!G52 -> Not Started | E52: ='Task Tracker'!H52 -> 46323 | F52: ='Task Tracker'!I52 -> 46334
A53: ='Task Tracker'!A53 -> 4 | B53: ='Task Tracker'!B53 -> Weighbridge | C53: ='Task Tracker'!E53 -> Electrical & Data Wiring | D53: ='Task Tracker'!G53 -> Not Started | E53: ='Task Tracker'!H53 -> 46217 | F53: ='Task Tracker'!I53 -> 46248
A54: ='Task Tracker'!A54 -> 4 | B54: ='Task Tracker'!B54 -> Weighbridge | C54: ='Task Tracker'!E54 -> Calibration & Certification | D54: ='Task Tracker'!G54 -> Not Started | E54: ='Task Tracker'!H54 -> 46334 | F54: ='Task Tracker'!I54 -> 46344
A55: ='Task Tracker'!A55 -> 4 | B55: ='Task Tracker'!B55 -> Weighbridge | C55: ='Task Tracker'!E55 -> Operational Test | D55: ='Task Tracker'!G55 -> Not Started | E55: ='Task Tracker'!H55 -> 46344 | F55: ='Task Tracker'!I55 -> 46350
A56: ▶ SYSTEM 5 — Big Storage Oil Tank (2 × 20,000 L)
A57: ='Task Tracker'!A57 -> 5 | B57: ='Task Tracker'!B57 -> Big Storage Oil Tank | C57: ='Task Tracker'!E57 -> Tank Specs Review (Annex D) | D57: ='Task Tracker'!G57 -> In Progress | E57: ='Task Tracker'!H57 -> 46133 | F57: ='Task Tracker'!I57 -> 46139
A58: ='Task Tracker'!A58 -> 5 | B58: ='Task Tracker'!B58 -> Big Storage Oil Tank | C58: ='Task Tracker'!E58 -> Civil Foundation Design | D58: ='Task Tracker'!G58 -> Not Started | E58: ='Task Tracker'!H58 -> 46140 | F58: ='Task Tracker'!I58 -> 46153
A59: ='Task Tracker'!A59 -> 5 | B59: ='Task Tracker'!B59 -> Big Storage Oil Tank | C59: ='Task Tracker'!E59 -> Vendor Finalization | D59: ='Task Tracker'!G59 -> Not Started | E59: ='Task Tracker'!H59 -> 46140 | F59: ='Task Tracker'!I59 -> 46153
A60: ='Task Tracker'!A60 -> 5 | B60: ='Task Tracker'!B60 -> Big Storage Oil Tank | C60: ='Task Tracker'!E60 -> Purchase Order Issued | D60: ='Task Tracker'!G60 -> Not Started | E60: ='Task Tracker'!H60 -> 46154 | F60: ='Task Tracker'!I60 -> 46160
A61: ='Task Tracker'!A61 -> 5 | B61: ='Task Tracker'!B61 -> Big Storage Oil Tank | C61: ='Task Tracker'!E61 -> Tank Fabrication | D61: ='Task Tracker'!G61 -> Not Started | E61: ='Task Tracker'!H61 -> 46161 | F61: ='Task Tracker'!I61 -> 46216
A62: ='Task Tracker'!A62 -> 5 | B62: ='Task Tracker'!B62 -> Big Storage Oil Tank | C62: ='Task Tracker'!E62 -> Oversized Transport Permit | D62: ='Task Tracker'!G62 -> Not Started | E62: ='Task Tracker'!H62 -> 46210 | F62: ='Task Tracker'!I62 -> 46216
A63: ='Task Tracker'!A63 -> 5 | B63: ='Task Tracker'!B63 -> Big Storage Oil Tank | C63: ='Task Tracker'!E63 -> Site Delivery | D63: ='Task Tracker'!G63 -> Not Started | E63: ='Task Tracker'!H63 -> 46217 | F63: ='Task Tracker'!I63 -> 46223
A64: ='Task Tracker'!A64 -> 5 | B64: ='Task Tracker'!B64 -> Big Storage Oil Tank | C64: ='Task Tracker'!E64 -> Civil Bund & Foundation | D64: ='Task Tracker'!G64 -> Not Started | E64: ='Task Tracker'!H64 -> 46175 | F64: ='Task Tracker'!I64 -> 46209
A65: ='Task Tracker'!A65 -> 5 | B65: ='Task Tracker'!B65 -> Big Storage Oil Tank | C65: ='Task Tracker'!E65 -> Tank Erection & Anchoring | D65: ='Task Tracker'!G65 -> Not Started | E65: ='Task Tracker'!H65 -> 46217 | F65: ='Task Tracker'!I65 -> 46230
A66: ='Task Tracker'!A66 -> 5 | B66: ='Task Tracker'!B66 -> Big Storage Oil Tank | C66: ='Task Tracker'!E66 -> Pipework & Valves | D66: ='Task Tracker'!G66 -> Not Started | E66: ='Task Tracker'!H66 -> 46231 | F66: ='Task Tracker'!I66 -> 46244
A67: ='Task Tracker'!A67 -> 5 | B67: ='Task Tracker'!B67 -> Big Storage Oil Tank | C67: ='Task Tracker'!E67 -> Hydrostatic Test | D67: ='Task Tracker'!G67 -> Not Started | E67: ='Task Tracker'!H67 -> 46245 | F67: ='Task Tracker'!I67 -> 46251
A68: ='Task Tracker'!A68 -> 5 | B68: ='Task Tracker'!B68 -> Big Storage Oil Tank | C68: ='Task Tracker'!E68 -> Regulatory Inspection | D68: ='Task Tracker'!G68 -> Not Started | E68: ='Task Tracker'!H68 -> 46252 | F68: ='Task Tracker'!I68 -> 46258
A69: ▶ SYSTEM 6 — Elevator (2×2T)
A70: ='Task Tracker'!A70 -> 6 | B70: ='Task Tracker'!B70 -> Elevator | C70: ='Task Tracker'!E70 -> Structural Drawing Review | D70: ='Task Tracker'!G70 -> Complete | E70: ='Task Tracker'!H70 -> 46133 | F70: ='Task Tracker'!I70 -> 46146
A71: ='Task Tracker'!A71 -> 6 | B71: ='Task Tracker'!B71 -> Elevator | C71: ='Task Tracker'!E71 -> Drawing Mod Feedback to PFF | D71: ='Task Tracker'!G71 -> Complete | E71: ='Task Tracker'!H71 -> 46140 | F71: ='Task Tracker'!I71 -> 46153
A72: ='Task Tracker'!A72 -> 6 | B72: ='Task Tracker'!B72 -> Elevator | C72: ='Task Tracker'!E72 -> Vendor/Supplier Finalization | D72: ='Task Tracker'!G72 -> In Progress | E72: ='Task Tracker'!H72 -> 46153 | F72: ='Task Tracker'!I72 -> 46214
A73: ='Task Tracker'!A73 -> 6 | B73: ='Task Tracker'!B73 -> Elevator | C73: ='Task Tracker'!E73 -> Purchase Order Issued | D73: ='Task Tracker'!G73 -> Not Started | E73: ='Task Tracker'!H73 -> 46214 | F73: ='Task Tracker'!I73 -> 46221
A74: ='Task Tracker'!A74 -> 6 | B74: ='Task Tracker'!B74 -> Elevator | C74: ='Task Tracker'!E74 -> Manufacturing | D74: ='Task Tracker'!G74 -> Not Started | E74: ='Task Tracker'!H74 -> 46221 | F74: ='Task Tracker'!I74 -> 46252
A75: ='Task Tracker'!A75 -> 6 | B75: ='Task Tracker'!B75 -> Elevator | C75: ='Task Tracker'!E75 -> Shipping | D75: ='Task Tracker'!G75 -> Not Started | E75: ='Task Tracker'!H75 -> 46252 | F75: ='Task Tracker'!I75 -> 46283
A76: ='Task Tracker'!A76 -> 6 | B76: ='Task Tracker'!B76 -> Elevator | C76: ='Task Tracker'!E76 -> Customs Clearance | D76: ='Task Tracker'!G76 -> Not Started | E76: ='Task Tracker'!H76 -> 46283 | F76: ='Task Tracker'!I76 -> 46313
A77: ='Task Tracker'!A77 -> 6 | B77: ='Task Tracker'!B77 -> Elevator | C77: ='Task Tracker'!E77 -> Site Delivery | D77: ='Task Tracker'!G77 -> Not Started | E77: ='Task Tracker'!H77 -> 46313 | F77: ='Task Tracker'!I77 -> 46323
A78: ='Task Tracker'!A78 -> 6 | B78: ='Task Tracker'!B78 -> Elevator | C78: ='Task Tracker'!E78 -> Shaft / Structural Prep | D78: ='Task Tracker'!G78 -> Not Started | E78: ='Task Tracker'!H78 -> 46191 | F78: ='Task Tracker'!I78 -> 46236
A79: ='Task Tracker'!A79 -> 6 | B79: ='Task Tracker'!B79 -> Elevator | C79: ='Task Tracker'!E79 -> Elevator Installation | D79: ='Task Tracker'!G79 -> Not Started | E79: ='Task Tracker'!H79 -> 46323 | F79: ='Task Tracker'!I79 -> 46334
A80: ='Task Tracker'!A80 -> 6 | B80: ='Task Tracker'!B80 -> Elevator | C80: ='Task Tracker'!E80 -> Electrical Connections | D80: ='Task Tracker'!G80 -> Not Started | E80: ='Task Tracker'!H80 -> 46217 | F80: ='Task Tracker'!I80 -> 46248
A81: ='Task Tracker'!A81 -> 6 | B81: ='Task Tracker'!B81 -> Elevator | C81: ='Task Tracker'!E81 -> Load Test (People & Goods) | D81: ='Task Tracker'!G81 -> Not Started | E81: ='Task Tracker'!H81 -> 46334 | F81: ='Task Tracker'!I81 -> 46344
... A83: ='Task Tracker'!A83 -> 6 | B83: ='Task Tracker'!B83 -> Elevator | C83: ='Task Tracker'!E83 -> Handover & Training | D83: ='Task Tracker'!G83 -> Not Started | E83: ='Task Tracker'!H83 -> 46344 | F83: ='Task Tracker'!I83 -> 46350
A84: ▶ SYSTEM 7 — Electrical Installation & Transformer (1600 KVA)
A85: ='Task Tracker'!A85 -> 7 | B85: ='Task Tracker'!B85 -> Electrical Installation & Transformer | C85: ='Task Tracker'!E85 -> Technical Specs Review | D85: ='Task Tracker'!G85 -> Complete | E85: ='Task Tracker'!H85 -> 46133 | F85: ='Task Tracker'!I85 -> 46146
A86: ='Task Tracker'!A86 -> 7 | B86: ='Task Tracker'!B86 -> Electrical Installation & Transformer | C86: ='Task Tracker'!E86 -> P&ID Drawing Approval | D86: ='Task Tracker'!G86 -> Complete | E86: ='Task Tracker'!H86 -> 46140 | F86: ='Task Tracker'!I86 -> 46153
A87: ='Task Tracker'!A87 -> 7 | B87: ='Task Tracker'!B87 -> Electrical Installation & Transformer | C87: ='Task Tracker'!E87 -> Vendor Finalization | D87: ='Task Tracker'!G87 -> Complete | E87: ='Task Tracker'!H87 -> 46153 | F87: ='Task Tracker'!I87 -> 46154
A88: ='Task Tracker'!A88 -> 7 | B88: ='Task Tracker'!B88 -> Electrical Installation & Transformer | C88: ='Task Tracker'!E88 -> Purchase Order Issued | D88: ='Task Tracker'!G88 -> Complete | E88: ='Task Tracker'!H88 -> 46184 | F88: ='Task Tracker'!I88 -> 46187
A89: ='Task Tracker'!A89 -> 7 | B89: ='Task Tracker'!B89 -> Electrical Installation & Transformer | C89: ='Task Tracker'!E89 -> Manufacturing & QC | D89: ='Task Tracker'!G89 -> Not Started | E89: ='Task Tracker'!H89 -> 46204 | F89: ='Task Tracker'!I89 -> 46283
A90: ='Task Tracker'!A90 -> 7 | B90: ='Task Tracker'!B90 -> Electrical Installation & Transformer | C90: ='Task Tracker'!E90 -> Site Delivery | D90: ='Task Tracker'!G90 -> Not Started | E90: ='Task Tracker'!H90 -> 46283 | F90: ='Task Tracker'!I90 -> 46285
A91: ='Task Tracker'!A91 -> 7 | B91: ='Task Tracker'!B91 -> Electrical Installation & Transformer | C91: ='Task Tracker'!E91 -> Civil & Foundation Prep | D91: ='Task Tracker'!G91 -> Not Started | E91: ='Task Tracker'!H91 -> 46191 | F91: ='Task Tracker'!I91 -> 46236
A92: ='Task Tracker'!A92 -> 7 | B92: ='Task Tracker'!B92 -> Electrical Installation & Transformer | C92: ='Task Tracker'!E92 -> Equipment Installation | D92: ='Task Tracker'!G92 -> Not Started | E92: ='Task Tracker'!H92 -> 46195 | F92: ='Task Tracker'!I92 -> 46287
A93: ='Task Tracker'!A93 -> 7 | B93: ='Task Tracker'!B93 -> Electrical Installation & Transformer | C93: ='Task Tracker'!E93 -> Piping & Connections | D93: ='Task Tracker'!G93 -> Not Started | E93: ='Task Tracker'!H93 -> 46217 | F93: ='Task Tracker'!I93 -> 46248
A94: ='Task Tracker'!A94 -> 7 | B94: ='Task Tracker'!B94 -> Electrical Installation & Transformer | C94: ='Task Tracker'!E94 -> Factory Acceptance Test | D94: ='Task Tracker'!G94 -> Not Started | E94: ='Task Tracker'!H94 -> 46334 | F94: ='Task Tracker'!I94 -> 46344
A95: ='Task Tracker'!A95 -> 7 | B95: ='Task Tracker'!B95 -> Electrical Installation & Transformer | C95: ='Task Tracker'!E95 -> Site Acceptance Test | D95: ='Task Tracker'!G95 -> Not Started | E95: ='Task Tracker'!H95 -> 46344 | F95: ='Task Tracker'!I95 -> 46350
A96: ='Task Tracker'!A96 -> 7 | B96: ='Task Tracker'!B96 -> Electrical Installation & Transformer | C96: ='Task Tracker'!E96 -> Performance Verification | D96: ='Task Tracker'!G96 -> Not Started | E96: ='Task Tracker'!H96 -> 46344 | F96: ='Task Tracker'!I96 -> 46350
A97: ▶ SYSTEM 8 — Aménagement Extérieur (Béton)
A98: ='Task Tracker'!A98 -> 8 | B98: ='Task Tracker'!B98 -> Aménagement Extérieur | C98: ='Task Tracker'!E98 -> Technical Specs Review | D98: ='Task Tracker'!G98 -> Complete | E98: ='Task Tracker'!H98 -> 46133 | F98: ='Task Tracker'!I98 -> 46146
A99: ='Task Tracker'!A99 -> 8 | B99: ='Task Tracker'!B99 -> Aménagement Extérieur | C99: ='Task Tracker'!E99 -> P&ID Drawing Approval | D99: ='Task Tracker'!G99 -> Complete | E99: ='Task Tracker'!H99 -> 46201 | F99: ='Task Tracker'!I99 -> 46214
A100: ='Task Tracker'!A100 -> 8 | B100: ='Task Tracker'!B100 -> Aménagement Extérieur | C100: ='Task Tracker'!E100 -> Vendor Finalization | D100: ='Task Tracker'!G100 -> In Progress | E100: ='Task Tracker'!H100 -> 46214 | F100: ='Task Tracker'!I100 -> 46306
A101: ▶ SYSTEM 9 — Solaire Électricité (30% × 1600 KVA)
A102: ='Task Tracker'!A102 -> 9 | B102: ='Task Tracker'!B102 -> Solaire Électricité | C102: ='Task Tracker'!E102 -> Technical Specs Review | D102: ='Task Tracker'!G102 -> Not Started | E102: ='Task Tracker'!H102 -> 46133 | F102: ='Task Tracker'!I102 -> 46146
...
